Product,product Id,Order id,quantity,Image link,
Face and Body Serum Cream,,sat103,4,,
Peel-off Mask ,6235938964dcfa30886e17b1, sat103,5,http://res.cloudinary.com/ananyaiiitr/image/upload/v1647678285/fmihmsdc54miuj1nyrel.jpg,
Tissue Rolls ,,sat116,3,,
Peel-off Mask ,,sat116,2,,
Face and Body Serum Cream,,sat116,6,,
Toothbrush ,,sat104,2,,
Toothpaste,,sat104,1,,
Face and Body Serum Cream,6235940864dcfa30886e17b2,sat104,1,http://res.cloudinary.com/ananyaiiitr/image/upload/v1647678438/xpxywcfalqirph6vsmvc.jpg,
Peel-off Mask,,sat105,2,,
Face and Body Serum Cream,,sat105,2,,
Charcoal Sticks,6235946c64dcfa30886e17b3,sat105,1,http://res.cloudinary.com/ananyaiiitr/image/upload/v1647678531/wymthukhqe1g3cknl50v.jpg,
Toothpaste,623594f664dcfa30886e17b4,sat106,2,http://res.cloudinary.com/ananyaiiitr/image/upload/v1647678669/vjio3hlf45o9fule4mq8.jpg,
Toothbrush ,6235961e64dcfa30886e17b5 ,sat106,3,http://res.cloudinary.com/ananyaiiitr/image/upload/v1652768751/zxdbjapunnkuj12dcnda.png,
Bamboo Cane Stool ,,sat107,1,,
Set-of-Two Chairs,6235977564dcfa30886e17b6,sat107,2,http://res.cloudinary.com/ananyaiiitr/image/upload/v1647679294/w4irdliz09huyejbyiqx.jpg,
Royal Chair,6235984964dcfa30886e17b7 ,sat108,1,http://res.cloudinary.com/ananyaiiitr/image/upload/v1647679521/t88x2xnrj7ixhtqti3hj.jpg,
Beach Chair ,623598c764dcfa30886e17b8,sat108,1,http://res.cloudinary.com/ananyaiiitr/image/upload/v1647679666/ard9ye1f9vuyqwwxssou.jpg,
Bamboo Cane Stool , 6235990964dcfa30886e17b9,sat109,3,http://res.cloudinary.com/ananyaiiitr/image/upload/v1647683543/suc2cyzusso9tgqb6iku.jpg,
Sofa set ,6235996564dcfa30886e17ba ,sat108,1,http://res.cloudinary.com/ananyaiiitr/image/upload/v1647679819/j5bvqsmmaamexaionqy1.jpg,
Sofa set ,,sat109,1,,
Gray Flooring ,623599f564dcfa30886e17bb ,sat109,1,http://res.cloudinary.com/ananyaiiitr/image/upload/v1647679957/meabs5r6sfgdppxxswwx.jpg,
Gray Flooring ,,sat110,2,,
Red Flooring,62359a6864dcfa30886e17bc ,sat110,3,http://res.cloudinary.com/ananyaiiitr/image/upload/v1647680097/t6qzozsi2wvqd7jsn5xo.jpg,
Shaded Flooring,62359ab764dcfa30886e17bd ,sat112,1,http://res.cloudinary.com/ananyaiiitr/image/upload/v1647680174/eda5ajc5cxzlcggfhfyy.jpg,http://res.cloudinary.com/ananyaiiitr/image/upload/v1647681104/tyfojzt8qpebda7oaoog.jpg
Bamboo Cane Stool ,,sat111,4,,
Bamboo Flooring ,62359b2164dcfa30886e17be,sat111,3,http://res.cloudinary.com/ananyaiiitr/image/upload/v1647680258/fcou4jy2b0tqky1cnqx7.jpg,
Brown Flooring, 62359ba364dcfa30886e17bf ,sat112,6,http://res.cloudinary.com/ananyaiiitr/image/upload/v1647680625/blsasaotrqgmlr1ok4uu.jpg,
Bamboo Cane Stool ,,sat113,1,,
Charcoal Sticks,,sat113,3,,
Peel-off Mask,,sat113,1,,
Sofa set,,sat113,1,,
Brown Flooring,,sat113,3,,
Charcoal Sticks,,sat114,4,,
Tissue Rolls ,62359bec64dcfa30886e17c0 ,sat114,2,http://res.cloudinary.com/ananyaiiitr/image/upload/v1647680483/ilposo8c6i8whw3lsqjm.jpg,
Round Tokri,,sat117,5,,
Dark Brown Tokri,,sat117,2,,
 Sup ,,sat117,1,,
Rectangle Sup ,62359ce264dcfa30886e17c1,sat117,3,http://res.cloudinary.com/ananyaiiitr/image/upload/v1647680997/nmhxpl3mljuoxv6eb4u5.jpg,
Designer Tokri,,sat117,2,,
2-Layer Bamboo Plant,,sat117,6,,
Oval Sup,62359d7464dcfa30886e17c2 ,sat118,2,http://res.cloudinary.com/ananyaiiitr/image/upload/v1647680869/wiaufax71dmp6ccw3tga.jpg,
Colourful Tokri,,sat118,1,,
 Sup ,62359e5764dcfa30886e17c3,sat119,1,http://res.cloudinary.com/ananyaiiitr/image/upload/v1647681104/tyfojzt8qpebda7oaoog.jpg,
Round Sup ,62359e5764dcfa30886e17c4,sat119,2,http://res.cloudinary.com/ananyaiiitr/image/upload/v1647681166/jg957yrvjflyivf8mnlo.jpg,
Rectangle Sup ,,sat119,3,,
"Red Tokri ",62359e5764dcfa30886e17c5,sat120,2,http://res.cloudinary.com/ananyaiiitr/image/upload/v1647681387/dn1qgy62lmkzb2ei7kbv.jpg,
Dark Brown Tokri,62359e5764dcfa30886e17c6,sat120,1,http://res.cloudinary.com/ananyaiiitr/image/upload/v1647681532/dcp54tnpzthoesvldoro.jpg,
Designer Tokri,62359e5764dcfa30886e17c8,sat120,3,http://res.cloudinary.com/ananyaiiitr/image/upload/v1647681597/ldysicivz537quxjqwow.jpg,
Round Tokri,62359e5764dcfa30886e17c9,sat120,1,http://res.cloudinary.com/ananyaiiitr/image/upload/v1647681725/k8nnjciy9c3akb6ixiaq.jpg,
Colourful Tokri,6235a14464dcfa30886e17ca ,sat120,5,http://res.cloudinary.com/ananyaiiitr/image/upload/v1647681844/gxcx2pht1g1tq4o5skp3.jpg,
2-Layer Bamboo Plant,6235a25664dcfa30886e17cb ,sat121,3,http://res.cloudinary.com/ananyaiiitr/image/upload/v1647682116/q877kae9d4giyojnl000.jpg,
3-Layers Lucky Bamboo Plant,6235a2ef64dcfa30886e17cc ,sat122,1,http://res.cloudinary.com/ananyaiiitr/image/upload/v1647682256/lztomosc8yacoahnhzxc.jpg,
Spiral Lucky Bamboo Plant ,6235a3c364dcfa30886e17cd ,sat123,2,http://res.cloudinary.com/ananyaiiitr/image/upload/v1647682481/pntfcfiwncc54dhxoroj.jpg,
Beautiful Lucky Bamboo Plant ,628655e6df54ea728b94be9a,sat123,3,http://res.cloudinary.com/ananyaiiitr/image/upload/v1647683097/dyqmxtbdrsunr1vy3yaa.jpg,
Pen Stand,628655e6df54ea728b94be9b,sat123,1,http://res.cloudinary.com/ananyaiiitr/image/upload/v1647683261/jssiogcizknctri2fult.jpg,
Coffee Cup Set with Tray,62865896df54ea728b94be9c ,sat123,2,http://res.cloudinary.com/ananyaiiitr/image/upload/v1647683386/woaq6akcsnz8d2l01x1r.jpg,
Bamboo Hanging Planter,628658c8df54ea728b94be9e,sat124,4,http://res.cloudinary.com/ananyaiiitr/image/upload/v1647683642/csum5m43tpszwhqxwmag.jpg,
Spiral Lucky Bamboo Plant ,,sat124,1,,
Bamboo Hanging Planter,,sat124,2,,
Beautiful Lucky Bamboo Plant ,,sat124,1,,
Pen Stand,,sat124,1,,