Product,0,1,2,3,4
Sup,2-Layer Bamboo Plant,Dark Brown Tokri,Round Tokri,Designer Tokri,Rectangle Sup 
2-Layer Bamboo Plant,Sup,Rectangle Sup ,Dark Brown Tokri,Designer Tokri,Round Tokri
3-Layers Lucky Bamboo Plant,Sup,Peel-off Mask ,Toothbrush ,Tissue Rolls ,Spiral Lucky Bamboo Plant 
Bamboo Cane Stool,Sofa set,Peel-off Mask,Brown Flooring,Charcoal Sticks,Shaded Flooring
Bamboo Flooring,Set-of-Two Chairs,Gray Flooring ,Sofa set ,Sofa set,Brown Flooring
Bamboo Hanging Planter,Coffee Cup Set with Tray,Spiral Lucky Bamboo Plant ,Beautiful Lucky Bamboo Plant ,Pen Stand,Sup
Beach Chair,Royal Chair,Gray Flooring ,Sofa set ,Bamboo Cane Stool ,Sup
Beautiful Lucky Bamboo Plant,Spiral Lucky Bamboo Plant ,Pen Stand,Bamboo Hanging Planter,Coffee Cup Set with Tray,Sup
Brown Flooring,Sofa set,Peel-off Mask,Charcoal Sticks,Bamboo Cane Stool ,Bamboo Flooring 
Charcoal Sticks,Sofa set,Brown Flooring,Peel-off Mask,Bamboo Cane Stool ,Peel-off Mask 
Coffee Cup Set with Tray,Bamboo Hanging Planter,Spiral Lucky Bamboo Plant ,Beautiful Lucky Bamboo Plant ,Pen Stand,Sup
Colourful Tokri,Red Tokri,Round Tokri,Designer Tokri,Dark Brown Tokri,2-Layer Bamboo Plant
Dark Brown Tokri,2-Layer Bamboo Plant,Red Tokri,Round Tokri,Designer Tokri,Sup
Designer Tokri,2-Layer Bamboo Plant,Red Tokri,Round Tokri,Dark Brown Tokri,Sup
Face and Body Serum Cream,Tissue Rolls ,Sofa set,Charcoal Sticks,Toothpaste,Brown Flooring
Gray Flooring,Bamboo Flooring ,Set-of-Two Chairs,Royal Chair,Beach Chair ,Sofa set 
Oval Sup,Red Tokri,Designer Tokri,Dark Brown Tokri,Round Tokri,Sup
Peel-off Mask,Sofa set,Brown Flooring,Tissue Rolls ,Bamboo Cane Stool ,Charcoal Sticks
Peel-off Mask,Charcoal Sticks,Tissue Rolls ,Toothpaste,Toothbrush ,Face and Body Serum Cream
Pen Stand,Spiral Lucky Bamboo Plant ,Beautiful Lucky Bamboo Plant ,Bamboo Hanging Planter,Coffee Cup Set with Tray,Sup
Rectangle Sup,2-Layer Bamboo Plant,Designer Tokri,Dark Brown Tokri,Round Tokri,Sup
Red Flooring,Sofa set ,Bamboo Cane Stool ,Sup,Royal Chair,Pen Stand
Red Tokri,Round Tokri,Designer Tokri,Dark Brown Tokri,Colourful Tokri,2-Layer Bamboo Plant
Round Sup,2-Layer Bamboo Plant,Sup,Rectangle Sup ,Designer Tokri,Dark Brown Tokri
Round Tokri,2-Layer Bamboo Plant,Red Tokri,Designer Tokri,Dark Brown Tokri,Sup
Royal Chair,Beach Chair ,Gray Flooring ,Sofa set ,Bamboo Cane Stool ,Sup
Set-of-Two Chairs,Bamboo Flooring ,Gray Flooring ,Sofa set ,Sofa set,Brown Flooring
Shaded Flooring,Sofa set,Peel-off Mask,Bamboo Cane Stool ,Charcoal Sticks,Tissue Rolls 
Sofa set,Peel-off Mask,Brown Flooring,Charcoal Sticks,Bamboo Cane Stool ,Shaded Flooring
Sofa set,Red Flooring,Bamboo Flooring ,Set-of-Two Chairs,Beach Chair ,Royal Chair
Spiral Lucky Bamboo Plant,Pen Stand,Beautiful Lucky Bamboo Plant ,Coffee Cup Set with Tray,Bamboo Hanging Planter,Rectangle Sup 
Tissue Rolls,Peel-off Mask,Face and Body Serum Cream,Peel-off Mask ,Sofa set,Brown Flooring
Toothbrush,Face and Body Serum Cream,Peel-off Mask ,Tissue Rolls ,Toothpaste,Peel-off Mask
Toothpaste,Face and Body Serum Cream,Peel-off Mask ,Tissue Rolls ,Toothbrush ,Peel-off Mask
